Topic,Count,Name,Representation,Representative_Docs
-1,1810,-1_learning_language_neural_natural,"['learning', 'language', 'neural', 'natural', 'networks', 'text', 'natural language', 'deep', 'python', 'recurrent']","['Probability and Structure in Natural Language Processing Lecture 1. Noah Smith', 'Probability and Structure in Natural Language Processing Lecture 4. Noah Smith', 'Introduction to Arabic Natural Language Processing. Nizar Y. Habash. ']"
0,1621,0_learning_deep_deep learning_tensorflow,"['learning', 'deep', 'deep learning', 'tensorflow', 'machine learning', 'neural', 'machine', 'neural networks', 'reinforcement', 'reinforcement learning']","['Neural Networks and Deep Learning (Course 1 of the Deep Learning Specialization). Author Unknown. ', 'Machine Learning. Morteza Shahriari Nia. ', 'What Is A Neural Network – Deep Learning with Tensorflow – Part 1. Rishabh Jindal. ']"
1,809,1_translation_machine translation_word_language,"['translation', 'machine translation', 'word', 'language', 'neural machine', 'neural', 'machine', 'embeddings', 'parsing', 'natural language']","['Trends in Neural Machine Translation. Olof Mogren. ', 'A neural machine translation model in PyTorch. pcyin', 'Neural Machine Translation: Multilingual, Character-Level Machine Translation. Kyunghyun Cho. ']"
2,594,2_python_unknown_author unknown_author,"['python', 'unknown', 'author unknown', 'author', 'word2vec', 'pytorch', 'littell', 'patrick littell', 'patrick', 'dataset']","['Hetrec2011-Movielens-2k. Author Unknown. ', 'Stanza. Author Unknown. ', 'Wikianswers. Author Unknown. ']"
3,313,3_recurrent_dialogue_recurrent neural_networks,"['recurrent', 'dialogue', 'recurrent neural', 'networks', 'sequence', 'speech', 'neural', 'memory', 'long', 'term']","['Multi-domain Neural Network Language Generation for Spoken Dialogue Systems. Tsung-Hsien Wen, Milica Gasic, Nikola Mrksic, Lina M Rojas-Barahona, Pei-Hao Su, David Vandyke, Steve Young. ', 'Attention in Long Short-Term Memory Recurrent Neural Networks. Jason Brownlee. ', 'Reward Shaping with Recurrent Neural Networks for Speeding up On-Line Policy Learning in Spoken Dialogue Systems. Pei-Hao Su, David Vandyke, Milica Gasic, Nikola Mrksic, Tsung-Hsien Wen, Steve Young. ']"
4,180,4_summarization_document_text summarization_document summarization,"['summarization', 'document', 'text summarization', 'document summarization', 'multi document', 'text', 'based', 'automatic', 'image', 'multi']","['Syntactic Simplification for Improving Content Selection in Multi-document Summarization. Advaith Siddharthan, Ani Nenkova, Kathleen McKeown. ', 'Text Summarization With Amazon Rviews. David Currie', 'Potara: Multi-document summarization tool. sildar. ']"
5,175,5_clustering_graph_large_spectral,"['clustering', 'graph', 'large', 'spectral', 'social', 'supervised', 'networks', 'semi supervised', 'supervised learning', 'mining']","['Large Graph Mining: Power Tools and a Practitioner’s guide; Task 8: hadoop and Tera/Peta byte graphs. Christos Faloutsos, Gary Miller, Charalampos (Babis) Tsourakakis. ', 'Large Graph Mining: Power Tools and a Practitioner’s guide; Theory. Christos Faloutsos, Gary Miller, Charalampos (Babis) Tsourakakis. ', 'Large Graph Mining: Power Tools and a Practitioner’s guide; Task 5: Graphs over time & tensors. Christos Faloutsos, Gary Miller, Charalampos (Babis) Tsourakakis. ']"
6,139,6_probability_bayesian_markov_statistics,"['probability', 'bayesian', 'markov', 'statistics', 'inference', 'dustin', 'dustin stansbury', 'stansbury', 'probabilistic', 'introduction']","['BayesPy - Bayesian Python. Jaakko Luttinen. ', 'A Brief Introduction to Markov Chains. Dustin Stansbury. ', 'A Gentle Introduction to Markov Chain Monte Carlo (MCMC). Dustin Stansbury. ']"
7,131,7_dragomir_dragomir radev_radev_parsing,"['dragomir', 'dragomir radev', 'radev', 'parsing', 'summarization dragomir', 'evaluation', 'basics', 'qa', 'machine translation', 'translation']","['Poles Apart. Dragomir Radev. ', 'Spare the Rod. Dragomir Radev. ', 'IntroNLP. Dragomir Radev. ']"
8,130,8_adversarial_generative_generative adversarial_gans,"['adversarial', 'generative', 'generative adversarial', 'gans', 'autoencoders', 'generative models', 'networks', 'ian goodfellow', 'goodfellow', 'ian']","['Generative Adversarial Networks (GANs). Ian Goodfellow. ', 'Generative Adversarial Networks (GANs). Ian Goodfellow. ', 'gans: Generative Adversarial Networks. diegoalejogm']"
9,98,9_sentiment_sentiment analysis_analysis_discourse,"['sentiment', 'sentiment analysis', 'analysis', 'discourse', 'twitter', 'lexicons', 'opinion', 'bing', 'rhetorical', 'jurafsky']","['Sentiment Analysis and Opinion Mining. Bing Liu. ', 'Sentiment Analysis and Opinion Mining. Bing Liu. ', 'Sentiment Analysis and Subjectivity. Bing Liu. ']"
10,85,10_topic_citation_index_topic models,"['topic', 'citation', 'index', 'topic models', 'scientific', 'lda', 'models', 'impact', 'research', 'modeling']","['Topic Models. David Blei. ', 'Topic Models. David Blei. ', 'Python Topic Model. Arongdari. ']"
11,74,11_extraction_knowledge_relation_entity,"['extraction', 'knowledge', 'relation', 'entity', 'relation extraction', 'information extraction', 'knowledge graph', 'entity recognition', 'information', 'extraction using']","['Multilingual open relation extraction using cross-lingual projection. Manaal Faruqui, Shankar Kumar. ', 'Multilingual Open Relation Extraction Using Cross-lingual Projection. Manaal Faruqui, Shankar Kumar. ', 'Knowledge Graph Construction from Text: Information Extraction. Jay Pujara , Sameer Singh , Bhavana Dalvi. ']"
12,39,12_regression_logistic regression_logistic_linear regression,"['regression', 'logistic regression', 'logistic', 'linear regression', 'linear', 'rohan', 'triangleinequality', 'math', 'python', 'math madhu']","['Logistic Regression?—?Detailed Overview. Saishruthi Swaminathan', 'Linear Regression. Bfortuner. ', 'Logistic Regression. Bfortuner. ']"
13,32,13_data_data science_science_command line,"['data', 'data science', 'science', 'command line', 'command', 'science command', 'line', 'janssens', 'sciences', 'foundations']","['Introduction to Data Science. Jeffrey Stanton. ', 'R Data Science Tutorials. Ujjwalkarn. ', 'Data Science Blogs. Data Incubator. ']"
14,24,14_principal_component_component analysis_principal component,"['principal', 'component', 'component analysis', 'principal component', 'pca', 'analysis', 'reduction', 'dimensionality reduction', 'dimensionality', 'ng']","['Principal Component Analysis: Variable Reduction Technique. Anuja Nagpal', 'Implementing a Principal Component Analysis (PCA). Sebastian Raschka', 'Principal Component Analysis. Alaa Tharwat']"
15,22,15_transfer learning_transfer_adaptation_domain,"['transfer learning', 'transfer', 'adaptation', 'domain', 'qiang', 'learning', 'learning niklas', 'yang', 'niklas donges', 'niklas']","['A Survey on Transfer Learning. Sinno Jialin Pan, Qiang Yang', 'An Overview of Transfer Learning. Qiang Yang', 'An Introduction to Transfer Learning and Domain Adaptation. Amaury Habrard. ']"
16,21,16_capsules_routing_hinton_networks,"['capsules', 'routing', 'hinton', 'networks', 'max', 'dynamic', 'intuition', 'understanding', 'inverse graphics', 'nick bourdakos']","['Dynamic Routing between Capsules. Sara Sabour, Nickolas Frosst, Geoffrey E. Hinton', ""Pytorch implementation of Hinton's Dynamic Routing Between Capsules. Tim Omernick"", ""Understanding Hinton's Capsule Networks. Part III: Dynamic Routing Between Capsules. Max Pechyonkin""]"
17,19,17_driving_self_2017_cars,"['driving', 'self', '2017', 'cars', 'david clark', 'lane', 'clark', 'end', 'lines', 'david']","['Self-driving cars in the browser. 2017. ', 'Advanced Lane-Detection for Self-Driving Cars. David Clark. ', 'Vehicle Detection Using Cameras for Self-Driving Cars. 2017. ']"
18,18,18_web_python_python using_using,"['web', 'python', 'python using', 'using', 'news', 'examples', 'smedt', 'posts', 'practical introduction', 'dataset michael']","['How to Write a Web Crawler in Python (with examples!). Keita Kurita', ""Beginner's guide to Web Scraping in Python (using BeautifulSoup). Sunil Ray. "", 'Web Scraping in Python using Scrapy (with multiple examples). Mohd Sanad Zaki Rizvi']"
