timestamp,action_type,item_id,cursor_time,source,user_answer,platform
1566655620179,enter,b4330,,diagnosis,,mobile
1566655648511,respond,q5798,,diagnosis,c,mobile
1566655655264,submit,b4330,,diagnosis,,mobile
1566655655337,enter,b5624,,diagnosis,,mobile
1566655655589,play_audio,b5624,0,diagnosis,,mobile
1566655665047,erase_choice,q8153,,diagnosis,a,mobile
1566655669414,erase_choice,q8153,,diagnosis,b,mobile
1566655678194,pause_audio,b5624,23539,diagnosis,,mobile
1566655679727,respond,q8153,,diagnosis,c,mobile
1566655684446,submit,b5624,,diagnosis,,mobile
1566655684528,enter,b4914,,diagnosis,,mobile
1566655704223,respond,q6382,,diagnosis,b,mobile
1566655709147,submit,b4914,,diagnosis,,mobile
1566655709219,enter,b4410,,diagnosis,,mobile
1566655732205,respond,q5878,,diagnosis,c,mobile
1566655736462,submit,b4410,,diagnosis,,mobile
1566655736553,enter,b2635,,diagnosis,,mobile
1566655765826,respond,q4103,,diagnosis,c,mobile
1566655769604,submit,b2635,,diagnosis,,mobile
1566655769673,enter,b4449,,diagnosis,,mobile
1566655793507,erase_choice,q5917,,diagnosis,d,mobile
1566655795933,respond,q5917,,diagnosis,d,mobile
1566655799031,submit,b4449,,diagnosis,,mobile
1566655799103,enter,b5647,,diagnosis,,mobile
1566655799415,play_audio,b5647,0,diagnosis,,mobile
1566655808591,erase_choice,q8176,,diagnosis,a,mobile
1566655817171,erase_choice,q8176,,diagnosis,c,mobile
1566655820277,pause_audio,b5647,21792,diagnosis,,mobile
1566655826458,respond,q8176,,diagnosis,b,mobile
1566655830880,submit,b5647,,diagnosis,,mobile
1566655830961,enter,b99,,diagnosis,,mobile
1566655831357,play_audio,b99,0,diagnosis,,mobile
1566655844637,erase_choice,q99,,diagnosis,b,mobile
1566655848383,erase_choice,q99,,diagnosis,c,mobile
1566655852038,pause_audio,b99,21602,diagnosis,,mobile
1566655853044,respond,q99,,diagnosis,a,mobile
1566655856975,submit,b99,,diagnosis,,mobile
1566655857012,enter,b3531,,diagnosis,,mobile
1566655923300,respond,q4999,,diagnosis,a,mobile
1566655928045,submit,b3531,,diagnosis,,mobile
1566655928114,enter,b6046,,diagnosis,,mobile
1566655941353,respond,q8695,,diagnosis,a,mobile
1566655945356,submit,b6046,,diagnosis,,mobile
1566655945419,enter,b2445,,diagnosis,,mobile
1566655969538,respond,q3913,,diagnosis,c,mobile
1566655975812,submit,b2445,,diagnosis,,mobile
1566656140477,enter,b887,,sprint,,mobile
1566656141027,play_audio,b887,0,sprint,,mobile
1566656150958,erase_choice,q887,,sprint,a,mobile
1566656157880,pause_audio,b887,17241,sprint,,mobile
1566656158064,erase_choice,q887,,sprint,b,mobile
1566656161413,submit,b887,,sprint,,mobile
1566656161457,enter,e887,,sprint,,mobile
1566656174007,play_audio,b887,0,sprint,,mobile
1566656189003,pause_audio,b887,14794,sprint,,mobile
1566656192451,quit,e887,,sprint,,mobile
1566656192514,enter,b1380,,sprint,,mobile
1566656193040,play_audio,b1380,0,sprint,,mobile
1566656202718,respond,q1380,,sprint,a,mobile
1566656210298,pause_audio,b1380,17638,sprint,,mobile
1566656213704,submit,b1380,,sprint,,mobile
1566656213778,enter,e1380,,sprint,,mobile
1566656216114,play_audio,b1380,0,sprint,,mobile
1566656231485,pause_audio,b1380,15179,sprint,,mobile
1566656234023,quit,e1380,,sprint,,mobile
1566656234086,enter,b1254,,sprint,,mobile
1566656234526,play_audio,b1254,0,sprint,,mobile
1566656243827,erase_choice,q1254,,sprint,a,mobile
1566656250519,erase_choice,q1254,,sprint,c,mobile
1566656250527,pause_audio,b1254,16437,sprint,,mobile
1566656255993,submit,b1254,,sprint,,mobile
1566656256063,enter,e1254,,sprint,,mobile
1566656258709,play_audio,b1254,0,sprint,,mobile
1566656272950,pause_audio,b1254,14036,sprint,,mobile
1566656276108,quit,e1254,,sprint,,mobile
1566656276147,enter,b295,,sprint,,mobile
1566656276352,play_audio,b295,0,sprint,,mobile
1566656284929,erase_choice,q295,,sprint,a,mobile
1566656291491,pause_audio,b295,15517,sprint,,mobile
1566656291889,respond,q295,,sprint,c,mobile
1566656295993,submit,b295,,sprint,,mobile
1566656296061,enter,e295,,sprint,,mobile
1566656308878,quit,e295,,sprint,,mobile
1566656308942,enter,b584,,sprint,,mobile
1566656309193,play_audio,b584,0,sprint,,mobile
1566656321094,erase_choice,q584,,sprint,b,mobile
1566656325926,pause_audio,b584,17168,sprint,,mobile
1566656326567,erase_choice,q584,,sprint,c,mobile
1566656331608,submit,b584,,sprint,,mobile
1566656331682,enter,e584,,sprint,,mobile
1566656334003,play_audio,b584,0,sprint,,mobile
1566656348597,pause_audio,b584,14493,sprint,,mobile
1566656351995,quit,e584,,sprint,,mobile
1566656352064,enter,b881,,sprint,,mobile
1566656352299,play_audio,b881,0,sprint,,mobile
1566656361883,erase_choice,q881,,sprint,a,mobile
1566656370541,pause_audio,b881,18705,sprint,,mobile
1566656370619,respond,q881,,sprint,b,mobile
1566656374003,submit,b881,,sprint,,mobile
1566656374078,enter,e881,,sprint,,mobile
1566656376462,play_audio,b881,0,sprint,,mobile
1566656392810,pause_audio,b881,16153,sprint,,mobile
1566656397151,quit,e881,,sprint,,mobile
1566656397203,enter,b1345,,sprint,,mobile
1566656397444,play_audio,b1345,0,sprint,,mobile
1566656406785,erase_choice,q1345,,sprint,a,mobile
1566656414519,respond,q1345,,sprint,c,mobile
1566656414525,pause_audio,b1345,17428,sprint,,mobile
1566656418653,submit,b1345,,sprint,,mobile
1566656418699,enter,e1345,,sprint,,mobile
1566656422017,play_audio,b1345,0,sprint,,mobile
1566656437266,pause_audio,b1345,15050,sprint,,mobile
1566656440043,quit,e1345,,sprint,,mobile
1566656440100,enter,b8316,,sprint,,mobile
1566656440337,play_audio,b8316,0,sprint,,mobile
1566656450245,erase_choice,q11263,,sprint,a,mobile
1566656457307,respond,q11263,,sprint,b,mobile
1566656457656,pause_audio,b8316,17767,sprint,,mobile
1566656460789,submit,b8316,,sprint,,mobile
1566656460824,enter,e8316,,sprint,,mobile
1566656462869,play_audio,b8316,0,sprint,,mobile
1566656478523,pause_audio,b8316,15438,sprint,,mobile
1566656482379,quit,e8316,,sprint,,mobile
1566656482411,enter,b1336,,sprint,,mobile
1566656482552,play_audio,b1336,0,sprint,,mobile
1566656491064,erase_choice,q1336,,sprint,a,mobile
1566656497137,pause_audio,b1336,14994,sprint,,mobile
1566656497758,respond,q1336,,sprint,b,mobile
1566656500874,submit,b1336,,sprint,,mobile
1566656500931,enter,e1336,,sprint,,mobile
1566656503453,play_audio,b1336,0,sprint,,mobile
1566656516084,pause_audio,b1336,12438,sprint,,mobile
1566656518167,play_audio,b1336,0,sprint,,mobile
1566656524798,pause_audio,b1336,6516,sprint,,mobile
1566656526911,quit,e1336,,sprint,,mobile
1566656526945,enter,b393,,sprint,,mobile
1566656527253,play_audio,b393,0,sprint,,mobile
1566656537591,erase_choice,q393,,sprint,a,mobile
1566656544778,pause_audio,b393,17945,sprint,,mobile
1566656548417,respond,q393,,sprint,b,mobile
1566656552184,submit,b393,,sprint,,mobile
1566656552246,enter,e393,,sprint,,mobile
1566656555773,play_audio,b393,0,sprint,,mobile
1566656571385,pause_audio,b393,15416,sprint,,mobile
1566656573375,quit,e393,,sprint,,mobile
1566656604405,enter,b4461,,sprint,,mobile
1566656612629,respond,q5929,,sprint,d,mobile
1566656616281,submit,b4461,,sprint,,mobile
1566656616334,enter,e4461,,sprint,,mobile
1566656626007,quit,e4461,,sprint,,mobile
1566656626063,enter,b6957,,sprint,,mobile
1566656646468,respond,q9606,,sprint,c,mobile
1566656648950,submit,b6957,,sprint,,mobile
1566656649002,enter,e6957,,sprint,,mobile
1566656676693,quit,e6957,,sprint,,mobile
1566656676747,enter,b4856,,sprint,,mobile
1566656694352,respond,q6324,,sprint,b,mobile
1566656697895,submit,b4856,,sprint,,mobile
1566656697940,enter,e4856,,sprint,,mobile
1566656728036,quit,e4856,,sprint,,mobile
1566656728082,enter,b6093,,sprint,,mobile
1566656734756,respond,q8742,,sprint,c,mobile
1566656739188,submit,b6093,,sprint,,mobile
1566656739237,enter,e6093,,sprint,,mobile
1566656744638,quit,e6093,,sprint,,mobile
1566656744674,enter,b4219,,sprint,,mobile
1566656762643,respond,q5687,,sprint,b,mobile
1566656764881,respond,q5687,,sprint,d,mobile
1566656768652,submit,b4219,,sprint,,mobile
1566656768707,enter,e4219,,sprint,,mobile
1566656777151,quit,e4219,,sprint,,mobile
1566656777212,enter,b3010,,sprint,,mobile
1566656806385,erase_choice,q4478,,sprint,a,mobile
1566656807938,respond,q4478,,sprint,a,mobile
1566656810637,submit,b3010,,sprint,,mobile
1566656810678,enter,e3010,,sprint,,mobile
1566656824030,quit,e3010,,sprint,,mobile
1566656824098,enter,b4302,,sprint,,mobile
1566656860438,erase_choice,q5770,,sprint,b,mobile
1566656861573,respond,q5770,,sprint,b,mobile
1566656865011,submit,b4302,,sprint,,mobile
1566656865065,enter,e4302,,sprint,,mobile
1566656886924,quit,e4302,,sprint,,mobile
1566656886982,enter,b6477,,sprint,,mobile
1566656901607,respond,q9126,,sprint,b,mobile
1566656905255,submit,b6477,,sprint,,mobile
1566656905303,enter,e6477,,sprint,,mobile
1566656913517,quit,e6477,,sprint,,mobile
1566656913567,enter,b3025,,sprint,,mobile
1566656927949,respond,q4493,,sprint,b,mobile
1566656930994,submit,b3025,,sprint,,mobile
1566656931042,enter,e3025,,sprint,,mobile
1566656938944,quit,e3025,,sprint,,mobile
1566656938999,enter,b3755,,sprint,,mobile
1566656953554,respond,q5223,,sprint,a,mobile
1566656957173,submit,b3755,,sprint,,mobile
1566656957230,enter,e3755,,sprint,,mobile
1566656968012,quit,e3755,,sprint,,mobile
1566656981227,enter,e4302,,review,,mobile
1566656982442,quit,e4302,,review,,mobile
1566656988615,enter,e4219,,review,,mobile
1566656989933,quit,e4219,,review,,mobile
1566656993936,enter,e6957,,review,,mobile
1566656999665,quit,e6957,,review,,mobile
1566691925096,enter,b456,,sprint,,mobile
1566691925869,play_audio,b456,0,sprint,,mobile
1566691937022,erase_choice,q456,,sprint,a,mobile
1566691938129,erase_choice,q456,,sprint,b,mobile
1566691940908,pause_audio,b456,15391,sprint,,mobile
1566691946146,submit,b456,,sprint,,mobile
1566691946221,enter,e456,,sprint,,mobile
1566691954777,quit,e456,,sprint,,mobile
1566691954844,enter,b8315,,sprint,,mobile
1566691955169,play_audio,b8315,0,sprint,,mobile
1566691967019,erase_choice,q11262,,sprint,b,mobile
1566691971020,erase_choice,q11262,,sprint,c,mobile
1566691971921,pause_audio,b8315,17144,sprint,,mobile
1566691975133,submit,b8315,,sprint,,mobile
1566691975165,enter,e8315,,sprint,,mobile
1566691980778,quit,e8315,,sprint,,mobile
1566691980834,enter,b666,,sprint,,mobile
1566691981115,play_audio,b666,0,sprint,,mobile
1566691990793,erase_choice,q666,,sprint,a,mobile
1566691997649,pause_audio,b666,16904,sprint,,mobile
1566691998656,respond,q666,,sprint,b,mobile
1566692001446,submit,b666,,sprint,,mobile
1566692001481,enter,e666,,sprint,,mobile
1566692017439,play_audio,b666,0,sprint,,mobile
1566692031027,pause_audio,b666,13382,sprint,,mobile
1566692031027,quit,e666,,sprint,,mobile
1566692039553,enter,b666,,sprint,,mobile
1566692040344,play_audio,b666,13495,sprint,,mobile
1566692041114,pause_audio,b666,14298,sprint,,mobile
1566692044618,submit,b666,,sprint,,mobile
1566692044658,enter,b902,,sprint,,mobile
1566692044911,play_audio,b902,0,sprint,,mobile
1566692057292,erase_choice,q902,,sprint,b,mobile
1566692061118,pause_audio,b902,16562,sprint,,mobile
1566692061508,erase_choice,q902,,sprint,c,mobile
1566692065421,submit,b902,,sprint,,mobile
1566692065457,enter,e902,,sprint,,mobile
1566692067802,play_audio,b902,0,sprint,,mobile
1566692081778,pause_audio,b902,13870,sprint,,mobile
1566692086765,quit,e902,,sprint,,mobile
1566692086821,enter,b280,,sprint,,mobile
1566692087162,play_audio,b280,0,sprint,,mobile
1566692097126,erase_choice,q280,,sprint,a,mobile
1566692100589,respond,q280,,sprint,b,mobile
1566692104245,pause_audio,b280,17551,sprint,,mobile
1566692107430,submit,b280,,sprint,,mobile
1566692107464,enter,e280,,sprint,,mobile
1566692109230,play_audio,b280,0,sprint,,mobile
1566692124871,pause_audio,b280,15459,sprint,,mobile
1566692130783,quit,e280,,sprint,,mobile
1566692130843,enter,b8314,,sprint,,mobile
1566692131149,play_audio,b8314,0,sprint,,mobile
1566692141783,erase_choice,q11261,,sprint,a,mobile
1566692149717,pause_audio,b8314,18917,sprint,,mobile
1566692150663,respond,q11261,,sprint,b,mobile
1566692154493,submit,b8314,,sprint,,mobile
1566692154550,enter,e8314,,sprint,,mobile
1566692160748,play_audio,b8314,0,sprint,,mobile
1566692177111,pause_audio,b8314,16167,sprint,,mobile
1566692180732,quit,e8314,,sprint,,mobile
1566692180770,enter,b1297,,sprint,,mobile
1566692181061,play_audio,b1297,0,sprint,,mobile
1566692190102,erase_choice,q1297,,sprint,a,mobile
1566692194054,respond,q1297,,sprint,b,mobile
1566692197758,pause_audio,b1297,17157,sprint,,mobile
1566692201063,submit,b1297,,sprint,,mobile
1566692201091,enter,e1297,,sprint,,mobile
1566692339045,quit,e1297,,sprint,,mobile
1566692339119,enter,b588,,sprint,,mobile
1566692339449,play_audio,b588,0,sprint,,mobile
1566692349093,erase_choice,q588,,sprint,a,mobile
1566692352877,erase_choice,q588,,sprint,b,mobile
1566692356162,pause_audio,b588,17176,sprint,,mobile
1566692358899,submit,b588,,sprint,,mobile
1566692358930,enter,e588,,sprint,,mobile
1566692384759,play_audio,b588,0,sprint,,mobile
1566692394948,pause_audio,b588,10099,sprint,,mobile
1566692431896,quit,e588,,sprint,,mobile
1566692442851,enter,b735,,sprint,,mobile
1566692443155,play_audio,b735,0,sprint,,mobile
1566692452843,erase_choice,q735,,sprint,a,mobile
1566692459718,pause_audio,b735,16934,sprint,,mobile
1566692460715,respond,q735,,sprint,b,mobile
1566692464565,submit,b735,,sprint,,mobile
1566692464637,enter,e735,,sprint,,mobile
1566692467114,play_audio,b735,0,sprint,,mobile
1566692481370,pause_audio,b735,14152,sprint,,mobile
1566692484716,quit,e735,,sprint,,mobile
1566692484773,enter,b8302,,sprint,,mobile
1566692485088,play_audio,b8302,0,sprint,,mobile
1566692495789,erase_choice,q11249,,sprint,a,mobile
1566692501758,respond,q11249,,sprint,b,mobile
1566692505982,pause_audio,b8302,21262,sprint,,mobile
1566692509042,submit,b8302,,sprint,,mobile
1566692509097,enter,e8302,,sprint,,mobile
1566692512224,play_audio,b8302,0,sprint,,mobile
1566692526433,pause_audio,b8302,14098,sprint,,mobile
1566692528956,quit,e8302,,sprint,,mobile
1566692597585,enter,b2559,,sprint,,mobile
1566692626969,respond,q4027,,sprint,b,mobile
1566692630832,submit,b2559,,sprint,,mobile
1566692630880,enter,e2559,,sprint,,mobile
1566692662830,quit,e2559,,sprint,,mobile
1566692662883,enter,b7550,,sprint,,mobile
1566692674825,respond,q10199,,sprint,b,mobile
1566692689710,submit,b7550,,sprint,,mobile
1566692689758,enter,e7550,,sprint,,mobile
1566692697384,quit,e7550,,sprint,,mobile
1566692697431,enter,b3000,,sprint,,mobile
1566692725780,respond,q4468,,sprint,b,mobile
1566692730114,submit,b3000,,sprint,,mobile
1566692730161,enter,e3000,,sprint,,mobile
1566692746401,quit,e3000,,sprint,,mobile
1566692764729,enter,b3008,,sprint,,mobile
1566692779778,respond,q4476,,sprint,c,mobile
1566692782925,submit,b3008,,sprint,,mobile
1566692782974,enter,e3008,,sprint,,mobile
1566692791558,quit,e3008,,sprint,,mobile
1566692791602,enter,b5152,,sprint,,mobile
1566692810586,respond,q6746,,sprint,b,mobile
1566692814006,submit,b5152,,sprint,,mobile
1566692814060,enter,e5152,,sprint,,mobile
1566692821981,quit,e5152,,sprint,,mobile
1566892683637,enter,b4220,,sprint,,mobile
1566892692852,respond,q5688,,sprint,b,mobile
1566892704353,submit,b4220,,sprint,,mobile
1566892704386,enter,e4220,,sprint,,mobile
1566892731495,quit,e4220,,sprint,,mobile
1566892731559,enter,b3015,,sprint,,mobile
1566892745154,respond,q4483,,sprint,d,mobile
1566892755262,respond,q4483,,sprint,b,mobile
1566892758389,respond,q4483,,sprint,d,mobile
1566892762520,submit,b3015,,sprint,,mobile
1566892762563,enter,e3015,,sprint,,mobile
1566892778595,quit,e3015,,sprint,,mobile
1566892778646,enter,b4259,,sprint,,mobile
1566892804662,respond,q5727,,sprint,d,mobile
1566892822323,submit,b4259,,sprint,,mobile
1566892822374,enter,e4259,,sprint,,mobile
1566892849798,quit,e4259,,sprint,,mobile
1566892849851,enter,b6056,,sprint,,mobile
1566892873944,respond,q8705,,sprint,a,mobile
1566892882742,submit,b6056,,sprint,,mobile
1566892882791,enter,e6056,,sprint,,mobile
1566892891446,quit,e6056,,sprint,,mobile
1566892891499,enter,b3563,,sprint,,mobile
1566892898964,respond,q5031,,sprint,b,mobile
1566892914360,submit,b3563,,sprint,,mobile
1566892914405,enter,e3563,,sprint,,mobile
1566892936289,quit,e3563,,sprint,,mobile
1566892936337,enter,b4316,,sprint,,mobile
1566892945693,respond,q5784,,sprint,d,mobile
1566892959844,submit,b4316,,sprint,,mobile
1566892959888,enter,e4316,,sprint,,mobile
1566892984320,quit,e4316,,sprint,,mobile
1566892984377,enter,b5045,,sprint,,mobile
1566893010640,respond,q6513,,sprint,b,mobile
1566893025195,submit,b5045,,sprint,,mobile
1566893025245,enter,e5045,,sprint,,mobile
1566893090281,quit,e5045,,sprint,,mobile
1566893090340,enter,b6308,,sprint,,mobile
1566893130528,respond,q8957,,sprint,c,mobile
1566893132903,submit,b6308,,sprint,,mobile
1566893132940,enter,e6308,,sprint,,mobile
1566893188917,quit,e6308,,sprint,,mobile
1566893188964,enter,b2840,,sprint,,mobile
1566893196297,respond,q4308,,sprint,c,mobile
1566893199162,submit,b2840,,sprint,,mobile
1566893199211,enter,e2840,,sprint,,mobile
1566893213947,quit,e2840,,sprint,,mobile
1566893213994,enter,b4028,,sprint,,mobile
1566893229107,respond,q5496,,sprint,b,mobile
1566893233672,submit,b4028,,sprint,,mobile
1566893233719,enter,e4028,,sprint,,mobile
1566893267360,quit,e4028,,sprint,,mobile
1566893267412,enter,b5031,,sprint,,mobile
1566893274011,respond,q6499,,sprint,a,mobile
1566893278318,submit,b5031,,sprint,,mobile
1566893278365,enter,e5031,,sprint,,mobile
1566893287298,quit,e5031,,sprint,,mobile
1566893287347,enter,b7542,,sprint,,mobile
1566893293603,respond,q10191,,sprint,c,mobile
1566893296445,submit,b7542,,sprint,,mobile
1566893296496,enter,e7542,,sprint,,mobile
1566893303919,quit,e7542,,sprint,,mobile
1566893303966,enter,b3018,,sprint,,mobile
1566893307945,respond,q4486,,sprint,a,mobile
1566893311394,submit,b3018,,sprint,,mobile
1566893311436,enter,e3018,,sprint,,mobile
1566893378668,quit,e3018,,sprint,,mobile
1566893378716,enter,b4694,,sprint,,mobile
1566893396619,respond,q6162,,sprint,b,mobile
1566893399555,submit,b4694,,sprint,,mobile
1566893399595,enter,e4694,,sprint,,mobile
1566893406001,quit,e4694,,sprint,,mobile
1566893406051,enter,b4215,,sprint,,mobile
1566893421912,respond,q5683,,sprint,b,mobile
1566893431368,respond,q5683,,sprint,a,mobile
1566893435087,submit,b4215,,sprint,,mobile
1566893435133,enter,e4215,,sprint,,mobile
1566893493458,quit,e4215,,sprint,,mobile
1566893493502,enter,b6856,,sprint,,mobile
1566893507497,respond,q9505,,sprint,b,mobile
1566893510627,respond,q9505,,sprint,a,mobile
1566893514245,submit,b6856,,sprint,,mobile
1566893514288,enter,e6856,,sprint,,mobile
1566893519882,quit,e6856,,sprint,,mobile
1566893519928,enter,b2230,,sprint,,mobile
1566893539720,respond,q3698,,sprint,a,mobile
1566893544865,submit,b2230,,sprint,,mobile
1566893544919,enter,e2230,,sprint,,mobile
1566893673925,quit,e2230,,sprint,,mobile
1566893673976,enter,b5035,,sprint,,mobile
1566893676137,respond,q6503,,sprint,a,mobile
1566893678906,submit,b5035,,sprint,,mobile
1566893678951,enter,e5035,,sprint,,mobile
1566893695599,quit,e5035,,sprint,,mobile
1566893695645,enter,b2197,,sprint,,mobile
1566893707327,respond,q3665,,sprint,b,mobile
1566893727136,submit,b2197,,sprint,,mobile
1566893727182,enter,e2197,,sprint,,mobile
1566893733475,quit,e2197,,sprint,,mobile
1566893733524,enter,b6417,,sprint,,mobile
1566893754924,respond,q9066,,sprint,a,mobile
1566893757959,submit,b6417,,sprint,,mobile
1566893757999,enter,e6417,,sprint,,mobile
1566893771065,quit,e6417,,sprint,,mobile
1566893771113,enter,b2233,,sprint,,mobile
1566893806833,respond,q3701,,sprint,c,mobile
1566893810084,submit,b2233,,sprint,,mobile
1566893810132,enter,e2233,,sprint,,mobile
1566893828720,quit,e2233,,sprint,,mobile
1566893828767,enter,b3593,,sprint,,mobile
1566893838781,respond,q5061,,sprint,c,mobile
1566893841623,submit,b3593,,sprint,,mobile
1566893841668,enter,e3593,,sprint,,mobile
1566893849635,quit,e3593,,sprint,,mobile
1566893849685,enter,b3869,,sprint,,mobile
1566893872085,respond,q5337,,sprint,a,mobile
1566893880631,respond,q5337,,sprint,b,mobile
1566893883092,submit,b3869,,sprint,,mobile
1566893883129,enter,e3869,,sprint,,mobile
1566893890875,quit,e3869,,sprint,,mobile
1566893890924,enter,b7479,,sprint,,mobile
1566893908893,respond,q10128,,sprint,c,mobile
1566893912179,submit,b7479,,sprint,,mobile
1566893912227,enter,e7479,,sprint,,mobile
1566893961736,quit,e7479,,sprint,,mobile
1566893961786,enter,b3415,,sprint,,mobile
1566893986149,respond,q4883,,sprint,b,mobile
1566893989444,submit,b3415,,sprint,,mobile
1566893989489,enter,e3415,,sprint,,mobile
1566894005804,quit,e3415,,sprint,,mobile
1566894010736,enter,e3415,,review,,mobile
1566894014918,quit,e3415,,review,,mobile
1566894017814,enter,e7479,,review,,mobile
1566894019252,quit,e7479,,review,,mobile
1566894040637,enter,b724,,sprint,,mobile
1566894041148,play_audio,b724,0,sprint,,mobile
1566894049683,erase_choice,q724,,sprint,a,mobile
1566894056631,erase_choice,q724,,sprint,b,mobile
1566894057811,pause_audio,b724,17143,sprint,,mobile
1566894060139,submit,b724,,sprint,,mobile
1566894060173,enter,e724,,sprint,,mobile
1566894071674,quit,e724,,sprint,,mobile
1566894071717,enter,b507,,sprint,,mobile
1566894071981,play_audio,b507,0,sprint,,mobile
1566894080578,erase_choice,q507,,sprint,a,mobile
1566894087589,respond,q507,,sprint,c,mobile
1566894087851,pause_audio,b507,16287,sprint,,mobile
1566894090760,submit,b507,,sprint,,mobile
1566894090791,enter,e507,,sprint,,mobile
1566894091946,play_audio,b507,0,sprint,,mobile
1566894105733,pause_audio,b507,13574,sprint,,mobile
1566894105733,play_audio,b507,13824,sprint,,mobile
1566894105751,pause_audio,b507,13824,sprint,,mobile
1566894112278,quit,e507,,sprint,,mobile
1566894112334,enter,b1250,,sprint,,mobile
1566894112588,play_audio,b1250,0,sprint,,mobile
1566894121386,respond,q1250,,sprint,a,mobile
1566894129200,pause_audio,b1250,17014,sprint,,mobile
1566894129440,erase_choice,q1250,,sprint,c,mobile
1566894132164,erase_choice,q1250,,sprint,b,mobile
1566894135004,submit,b1250,,sprint,,mobile
1566894135069,enter,e1250,,sprint,,mobile
1566894143604,quit,e1250,,sprint,,mobile
1566894143662,enter,b8312,,sprint,,mobile
1566894143905,play_audio,b8312,0,sprint,,mobile
1566894154372,erase_choice,q11259,,sprint,a,mobile
1566894158875,respond,q11259,,sprint,b,mobile
1566894160923,pause_audio,b8312,17508,sprint,,mobile
1566894163052,submit,b8312,,sprint,,mobile
1566894163086,enter,e8312,,sprint,,mobile
1566894164751,play_audio,b8312,0,sprint,,mobile
1566894179760,pause_audio,b8312,14893,sprint,,mobile
1566894182519,quit,e8312,,sprint,,mobile
1566894182560,enter,b763,,sprint,,mobile
1566894182801,play_audio,b763,0,sprint,,mobile
1566894191802,erase_choice,q763,,sprint,a,mobile
1566894199737,pause_audio,b763,17402,sprint,,mobile
1566894200553,respond,q763,,sprint,c,mobile
1566894203297,submit,b763,,sprint,,mobile
1566894203323,enter,e763,,sprint,,mobile
1566894205192,play_audio,b763,0,sprint,,mobile
1566894220418,pause_audio,b763,15024,sprint,,mobile
1566894224192,quit,e763,,sprint,,mobile
1566894224251,enter,b1316,,sprint,,mobile
1566894224451,play_audio,b1316,0,sprint,,mobile
1566894241761,pause_audio,b1316,17714,sprint,,mobile
1566894241975,respond,q1316,,sprint,c,mobile
1566894244775,submit,b1316,,sprint,,mobile
1566894244808,enter,e1316,,sprint,,mobile
1566894245866,play_audio,b1316,0,sprint,,mobile
1566894250971,pause_audio,b1316,4872,sprint,,mobile
1566894250971,play_audio,b1316,0,sprint,,mobile
1566894266331,pause_audio,b1316,15161,sprint,,mobile
1566894266381,quit,e1316,,sprint,,mobile
1566894277105,enter,b774,,sprint,,mobile
1566894277456,play_audio,b774,0,sprint,,mobile
1566894286785,erase_choice,q774,,sprint,a,mobile
1566894291237,erase_choice,q774,,sprint,b,mobile
1566894294603,pause_audio,b774,17527,sprint,,mobile
1566894295838,respond,q774,,sprint,a,mobile
1566894299877,submit,b774,,sprint,,mobile
1566894299941,enter,e774,,sprint,,mobile
1566894301380,play_audio,b774,0,sprint,,mobile
1566894316758,pause_audio,b774,15155,sprint,,mobile
1566894320168,quit,e774,,sprint,,mobile
1566894320218,enter,b291,,sprint,,mobile
1566894320477,play_audio,b291,0,sprint,,mobile
1566894329584,erase_choice,q291,,sprint,a,mobile
1566894332265,respond,q291,,sprint,b,mobile
1566894333122,pause_audio,b291,13138,sprint,,mobile
1566894336635,submit,b291,,sprint,,mobile
1566894336668,enter,e291,,sprint,,mobile
1566894340686,play_audio,b291,0,sprint,,mobile
1566894353895,pause_audio,b291,13018,sprint,,mobile
1566894356695,quit,e291,,sprint,,mobile
1566894356727,enter,b1003,,sprint,,mobile
1566894356901,play_audio,b1003,0,sprint,,mobile
1566894366617,erase_choice,q1003,,sprint,a,mobile
1566894371034,respond,q1003,,sprint,b,mobile
1566894375000,pause_audio,b1003,18577,sprint,,mobile
1566894376268,respond,q1003,,sprint,c,mobile
1566894378719,submit,b1003,,sprint,,mobile
1566894378778,enter,e1003,,sprint,,mobile
1566894380258,play_audio,b1003,0,sprint,,mobile
1566894396462,pause_audio,b1003,15977,sprint,,mobile
1566894398679,quit,e1003,,sprint,,mobile
1566894398711,enter,b1115,,sprint,,mobile
1566894398867,play_audio,b1115,0,sprint,,mobile
1566894409053,erase_choice,q1115,,sprint,a,mobile
1566894414387,respond,q1115,,sprint,c,mobile
1566894414606,pause_audio,b1115,16176,sprint,,mobile
1566894416904,submit,b1115,,sprint,,mobile
1566894416926,enter,e1115,,sprint,,mobile
1566894418009,play_audio,b1115,0,sprint,,mobile
1566894431881,pause_audio,b1115,13636,sprint,,mobile
1566894436293,quit,e1115,,sprint,,mobile
1566897864924,enter,b952,,sprint,,mobile
1566897865291,play_audio,b952,0,sprint,,mobile
1566897873054,respond,q952,,sprint,a,mobile
1566897873745,pause_audio,b952,8910,sprint,,mobile
1566897875827,submit,b952,,sprint,,mobile
1566897875859,enter,e952,,sprint,,mobile
1566897883354,play_audio,b952,0,sprint,,mobile
1566897895829,pause_audio,b952,12284,sprint,,mobile
1566897898694,quit,e952,,sprint,,mobile
1566897898752,enter,b292,,sprint,,mobile
1566897899002,play_audio,b292,0,sprint,,mobile
1566897910507,erase_choice,q292,,sprint,b,mobile
1566897914270,pause_audio,b292,15725,sprint,,mobile
1566897914332,respond,q292,,sprint,c,mobile
1566897916695,submit,b292,,sprint,,mobile
1566897916763,enter,e292,,sprint,,mobile
1566897918361,play_audio,b292,0,sprint,,mobile
1566897931863,pause_audio,b292,13279,sprint,,mobile
1566897934913,quit,e292,,sprint,,mobile
1566897934947,enter,b739,,sprint,,mobile
1566897935132,play_audio,b739,0,sprint,,mobile
1566897943608,erase_choice,q739,,sprint,a,mobile
1566897950173,respond,q739,,sprint,c,mobile
1566897950585,pause_audio,b739,15911,sprint,,mobile
1566897953557,submit,b739,,sprint,,mobile
1566897953615,enter,e739,,sprint,,mobile
1566897960022,quit,e739,,sprint,,mobile
1567061868563,enter,b633,,sprint,,mobile
1567061869188,play_audio,b633,0,sprint,,mobile
1567061877860,erase_choice,q633,,sprint,a,mobile
1567061881337,erase_choice,q633,,sprint,b,mobile
1567061885638,pause_audio,b633,16713,sprint,,mobile
1567061888494,submit,b633,,sprint,,mobile
1567061888567,enter,e633,,sprint,,mobile
1567061890451,play_audio,b633,0,sprint,,mobile
1567061904955,pause_audio,b633,14258,sprint,,mobile
1567061914294,quit,e633,,sprint,,mobile
1567061914377,enter,b854,,sprint,,mobile
1567061914630,play_audio,b854,0,sprint,,mobile
1567061928955,erase_choice,q854,,sprint,b,mobile
1567061931277,erase_choice,q854,,sprint,c,mobile
1567061931450,pause_audio,b854,17060,sprint,,mobile
1567061934773,submit,b854,,sprint,,mobile
1567061934840,enter,e854,,sprint,,mobile
1567061936322,play_audio,b854,0,sprint,,mobile
1567061951187,pause_audio,b854,14609,sprint,,mobile
1567061954447,quit,e854,,sprint,,mobile
1567061954505,enter,b439,,sprint,,mobile
1567061954880,play_audio,b439,0,sprint,,mobile
1567061965581,erase_choice,q439,,sprint,a,mobile
1567061972229,pause_audio,b439,17632,sprint,,mobile
1567061972787,respond,q439,,sprint,c,mobile
1567061975427,submit,b439,,sprint,,mobile
1567061975499,enter,e439,,sprint,,mobile
1567061976830,play_audio,b439,0,sprint,,mobile
1567061992315,pause_audio,b439,15231,sprint,,mobile
1567061995397,quit,e439,,sprint,,mobile
1567061995458,enter,b825,,sprint,,mobile
1567061995693,play_audio,b825,0,sprint,,mobile
1567062005576,erase_choice,q825,,sprint,a,mobile
1567062011780,respond,q825,,sprint,b,mobile
1567062012452,pause_audio,b825,17163,sprint,,mobile
1567062014656,submit,b825,,sprint,,mobile
1567062014723,enter,e825,,sprint,,mobile
1567062015748,play_audio,b825,0,sprint,,mobile
1567062030740,pause_audio,b825,14812,sprint,,mobile
1567062041374,quit,e825,,sprint,,mobile
1567062041434,enter,b878,,sprint,,mobile
1567062041698,play_audio,b878,0,sprint,,mobile
1567062058653,pause_audio,b878,17188,sprint,,mobile
1567062065230,respond,q878,,sprint,a,mobile
1567062068305,submit,b878,,sprint,,mobile
1567062068359,enter,e878,,sprint,,mobile
1567062072628,quit,e878,,sprint,,mobile
1567062078106,enter,l453,,adaptive_offer,,mobile
1567062084657,play_video,l453,0,adaptive_offer,,mobile
1567062253996,pause_video,l453,169054,adaptive_offer,,mobile
1567062257143,quit,l453,,adaptive_offer,,mobile
1567062257236,enter,b878,,adaptive_offer,,mobile
1567062257403,play_audio,b878,0,adaptive_offer,,mobile
1567062274357,pause_audio,b878,17274,adaptive_offer,,mobile
1567062275634,respond,q878,,adaptive_offer,b,mobile
1567062278738,submit,b878,,adaptive_offer,,mobile
1567062278788,enter,e878,,adaptive_offer,,mobile
1567062280440,play_audio,b878,0,adaptive_offer,,mobile
1567062295520,pause_audio,b878,14819,adaptive_offer,,mobile
1567062299488,quit,e878,,adaptive_offer,,mobile
1567062299546,enter,b952,,adaptive_offer,,mobile
1567062299735,play_audio,b952,0,adaptive_offer,,mobile
1567062308180,erase_choice,q952,,adaptive_offer,a,mobile
1567062310220,respond,q952,,adaptive_offer,b,mobile
1567062310911,pause_audio,b952,11498,adaptive_offer,,mobile
1567062313146,submit,b952,,adaptive_offer,,mobile
1567062313203,enter,e952,,adaptive_offer,,mobile
1567062316546,quit,e952,,adaptive_offer,,mobile
1567062318254,enter,e878,,sprint,,mobile
1567062322738,quit,e878,,sprint,,mobile
1567062322796,enter,b973,,sprint,,mobile
1567062323212,play_audio,b973,0,sprint,,mobile
1567062333332,erase_choice,q973,,sprint,a,mobile
1567062340729,respond,q973,,sprint,b,mobile
1567062340991,pause_audio,b973,18031,sprint,,mobile
1567062343462,submit,b973,,sprint,,mobile
1567062719121,enter,b200,,sprint,,mobile
1567062719314,play_audio,b200,0,sprint,,mobile
1567062728182,erase_choice,q200,,sprint,a,mobile
1567062732257,respond,q200,,sprint,b,mobile
1567062732257,respond,q200,,sprint,b,mobile
1567062735672,pause_audio,b200,16676,sprint,,mobile
1567062735672,pause_audio,b200,16676,sprint,,mobile
1567062738419,submit,b200,,sprint,,mobile
1567062738487,enter,e200,,sprint,,mobile
1567062743374,quit,e200,,sprint,,mobile
1567062759799,enter,b878,,adaptive_offer,,mobile
1567062760008,play_audio,b878,0,adaptive_offer,,mobile
1567062760008,play_audio,b878,0,adaptive_offer,,mobile
1567062768734,erase_choice,q878,,adaptive_offer,a,mobile
1567062768734,erase_choice,q878,,adaptive_offer,a,mobile
1567062776628,respond,q878,,adaptive_offer,b,mobile
1567062776628,respond,q878,,adaptive_offer,b,mobile
1567062776987,pause_audio,b878,17273,adaptive_offer,,mobile
1567062779690,submit,b878,,adaptive_offer,,mobile
1567062779743,enter,e878,,adaptive_offer,,mobile
1567062786034,quit,e878,,adaptive_offer,,mobile
1567062786095,enter,b200,,adaptive_offer,,mobile
1567062786344,play_audio,b200,0,adaptive_offer,,mobile
1567062786344,play_audio,b200,0,adaptive_offer,,mobile
1567062795589,erase_choice,q200,,adaptive_offer,a,mobile
1567062795589,erase_choice,q200,,adaptive_offer,a,mobile
1567062797880,erase_choice,q200,,adaptive_offer,b,mobile
1567062802491,pause_audio,b200,16415,adaptive_offer,,mobile
1567062804674,submit,b200,,adaptive_offer,,mobile
1567063085405,enter,b2713,,sprint,,mobile
1567063090166,respond,q4181,,sprint,b,mobile
1567063093315,submit,b2713,,sprint,,mobile
1567063093368,enter,e2713,,sprint,,mobile
1567063100914,quit,e2713,,sprint,,mobile
1567063100949,enter,b4721,,sprint,,mobile
1567063114597,respond,q6189,,sprint,d,mobile
1567063118323,submit,b4721,,sprint,,mobile
1567063118368,enter,e4721,,sprint,,mobile
1567063211608,quit,e4721,,sprint,,mobile
1567063211644,enter,b4717,,sprint,,mobile
1567063224942,respond,q6185,,sprint,b,mobile
1567063243672,submit,b4717,,sprint,,mobile
1567063243711,enter,e4717,,sprint,,mobile
1567063293530,quit,e4717,,sprint,,mobile
1567063293580,enter,b5990,,sprint,,mobile
1567063305489,respond,q8639,,sprint,a,mobile
1567063311449,submit,b5990,,sprint,,mobile
1567063311496,enter,e5990,,sprint,,mobile
1567063317852,quit,e5990,,sprint,,mobile
1567063329324,enter,b4603,,sprint,,mobile
1567063345767,respond,q6071,,sprint,b,mobile
1567063349747,submit,b4603,,sprint,,mobile
1567063349798,enter,e4603,,sprint,,mobile
1567063364398,quit,e4603,,sprint,,mobile
1567063471571,enter,b6304,,sprint,,mobile
1567063479759,respond,q8953,,sprint,a,mobile
1567063479759,respond,q8953,,sprint,a,mobile
1567063484098,submit,b6304,,sprint,,mobile
1567063484144,enter,e6304,,sprint,,mobile
1567063497818,quit,e6304,,sprint,,mobile
1567063497871,enter,b3256,,sprint,,mobile
1567063503855,respond,q4724,,sprint,c,mobile
1567063507346,submit,b3256,,sprint,,mobile
1567063507395,enter,e3256,,sprint,,mobile
1567063514615,quit,e3256,,sprint,,mobile
1567063514667,enter,b2437,,sprint,,mobile
1567063545401,respond,q3905,,sprint,c,mobile
1567063551785,submit,b2437,,sprint,,mobile
1567063551829,enter,e2437,,sprint,,mobile
1567063587729,quit,e2437,,sprint,,mobile
1567063587778,enter,b3418,,sprint,,mobile
1567063604015,respond,q4886,,sprint,d,mobile
1567063606974,submit,b3418,,sprint,,mobile
1567063607012,enter,e3418,,sprint,,mobile
1567063639237,quit,e3418,,sprint,,mobile
1567063639282,enter,b6419,,sprint,,mobile
1567063675441,respond,q9068,,sprint,b,mobile
1567063679378,submit,b6419,,sprint,,mobile
1567063679428,enter,e6419,,sprint,,mobile
1567063691770,quit,e6419,,sprint,,mobile
1567063791124,enter,l544,,adaptive_offer,,mobile
1567063794297,play_video,l544,0,adaptive_offer,,mobile
1567063794297,play_video,l544,0,adaptive_offer,,mobile
1567063929474,pause_video,l544,133832,adaptive_offer,,mobile
1567063929474,pause_video,l544,133832,adaptive_offer,,mobile
1567063929525,play_video,l544,150000,adaptive_offer,,mobile
1567063957361,pause_video,l544,177632,adaptive_offer,,mobile
1567063962451,quit,l544,,adaptive_offer,,mobile
1567063962530,enter,b4721,,adaptive_offer,,mobile
1567063974516,respond,q6189,,adaptive_offer,c,mobile
1567063978489,submit,b4721,,adaptive_offer,,mobile
1567063978534,enter,e4721,,adaptive_offer,,mobile
1567063998698,quit,e4721,,adaptive_offer,,mobile
1567149595301,enter,b7921,,tutor,,mobile
1567149838893,respond,q10641,,tutor,a,mobile
1567149844323,submit,b7921,,tutor,,mobile
1567149844386,enter,e7921,,tutor,,mobile
1567149906980,quit,e7921,,tutor,,mobile
1567149907044,enter,b1470,,tutor,,mobile
1567149938704,play_audio,b1470,0,tutor,,mobile
1567149980423,respond,q1608,,tutor,b,mobile
1567149987571,respond,q1608,,tutor,b,mobile
1567149988526,respond,q1608,,tutor,b,mobile
1567149989309,respond,q1608,,tutor,b,mobile
1567150004676,pause_audio,b1470,68071,tutor,,mobile
1567150006745,respond,q1608,,tutor,b,mobile
1567150013067,submit,b1470,,tutor,,mobile
1567150013139,enter,e1470,,tutor,,mobile
1567150016765,play_audio,b1470,0,tutor,,mobile
1567150054464,pause_audio,b1470,38088,tutor,,mobile
1567150081467,quit,e1470,,tutor,,mobile
1567223809148,enter,b1534,,tutor,,mobile
1567223840477,play_audio,b1534,0,tutor,,mobile
1567223840477,play_audio,b1534,0,tutor,,mobile
1567223876276,respond,q1800,,tutor,b,mobile
1567223876276,respond,q1800,,tutor,b,mobile
1567223890618,pause_audio,b1534,51211,tutor,,mobile
1567223890618,pause_audio,b1534,51211,tutor,,mobile
1567223893635,submit,b1534,,tutor,,mobile
1567223893663,enter,e1534,,tutor,,mobile
1567223895903,play_audio,b1534,0,tutor,,mobile
1567223943108,pause_audio,b1534,47569,tutor,,mobile
1567223950936,quit,e1534,,tutor,,mobile
1567223950991,enter,b7923,,tutor,,mobile
1567224112786,respond,q10649,,tutor,a,mobile
1567224119562,submit,b7923,,tutor,,mobile
1567224119608,enter,e7923,,tutor,,mobile
1567224188111,quit,e7923,,tutor,,mobile
1567224215720,enter,b1112,,tutor,,mobile
1567224221715,play_audio,b1112,0,tutor,,mobile
1567224230864,erase_choice,q1112,,tutor,a,mobile
1567224234290,erase_choice,q1112,,tutor,b,mobile
1567224236966,pause_audio,b1112,15655,tutor,,mobile
1567224248647,respond,q1112,,tutor,a,mobile
1567224249832,erase_choice,q1112,,tutor,c,mobile
1567224255483,submit,b1112,,tutor,,mobile
1567224255564,enter,e1112,,tutor,,mobile
1567224258171,play_audio,b1112,0,tutor,,mobile
1567224271572,pause_audio,b1112,13195,tutor,,mobile
1567224277517,quit,e1112,,tutor,,mobile
1567224277573,enter,b1502,,tutor,,mobile
1567224305002,play_audio,b1502,0,tutor,,mobile
1567224349880,respond,q1704,,tutor,a,mobile
1567224350544,pause_audio,b1502,46825,tutor,,mobile
1567224353794,submit,b1502,,tutor,,mobile
1567224353824,enter,e1502,,tutor,,mobile
1567224355597,play_audio,b1502,0,tutor,,mobile
1567224393265,pause_audio,b1502,38068,tutor,,mobile
1567224396059,quit,e1502,,tutor,,mobile
1567772823894,enter,e1502,,tutor,,mobile
1567772833604,quit,e1502,,tutor,,mobile
1567772833680,enter,b1576,,tutor,,mobile
1567772861615,play_audio,b1576,0,tutor,,mobile
1567772895152,respond,q1926,,tutor,c,mobile
1567772902094,pause_audio,b1576,37320,tutor,,mobile
1567772906725,submit,b1576,,tutor,,mobile
1567772906791,enter,e1576,,tutor,,mobile
1567772909135,play_audio,b1576,0,tutor,,mobile
1567772947473,pause_audio,b1576,35064,tutor,,mobile
1567772971985,quit,e1576,,tutor,,mobile
1567773004610,enter,b1314,,tutor,,mobile
1567773006834,play_audio,b1314,0,tutor,,mobile
1567773016096,erase_choice,q1314,,tutor,a,mobile
1567773025122,pause_audio,b1314,16700,tutor,,mobile
1567773026235,respond,q1314,,tutor,b,mobile
1567773034155,submit,b1314,,tutor,,mobile
1567773034224,enter,e1314,,tutor,,mobile
1567773036101,play_audio,b1314,0,tutor,,mobile
1567773052037,pause_audio,b1314,15654,tutor,,mobile
1567773056549,quit,e1314,,tutor,,mobile
1567773056596,enter,b1454,,tutor,,mobile
1567773084713,play_audio,b1454,0,tutor,,mobile
1567773135598,respond,q1560,,tutor,a,mobile
1567773140545,pause_audio,b1454,52628,tutor,,mobile
1567773147327,submit,b1454,,tutor,,mobile
1567773379128,enter,e1110,,tutor,,mobile
1567773380489,play_audio,b1110,0,tutor,,mobile
1567773380489,play_audio,b1110,0,tutor,,mobile
1567773380489,play_audio,b1110,0,tutor,,mobile
1567773394908,pause_audio,b1110,14158,tutor,,mobile
1567773396516,quit,e1110,,tutor,,mobile
1567829696364,enter,e1110,,tutor,,mobile
1567829696804,quit,e1110,,tutor,,mobile
1567829700453,enter,e1110,,tutor,,mobile
1567829705212,quit,e1110,,tutor,,mobile
1567829705284,enter,b8112,,tutor,,mobile
1567829712954,play_audio,b8112,0,tutor,,mobile
1567829723444,erase_choice,q11059,,tutor,a,mobile
1567829726306,erase_choice,q11059,,tutor,b,mobile
1567829730974,erase_choice,q11059,,tutor,c,mobile
1567829734686,pause_audio,b8112,20220,tutor,,mobile
1567829735499,respond,q11059,,tutor,a,mobile
1567829739290,submit,b8112,,tutor,,mobile
1567829739323,enter,e8112,,tutor,,mobile
1567829741444,play_audio,b8112,0,tutor,,mobile
1567829757633,pause_audio,b8112,15965,tutor,,mobile
1567829760635,quit,e8112,,tutor,,mobile
1567829760672,enter,b564,,tutor,,mobile
1567829766016,play_audio,b564,0,tutor,,mobile
1567829774840,erase_choice,q564,,tutor,a,mobile
1567829778656,respond,q564,,tutor,b,mobile
1567829779400,pause_audio,b564,11827,tutor,,mobile
1567829782239,submit,b564,,tutor,,mobile
1567830070785,enter,b11376,,tutor,,mobile
1567830085033,respond,q17139,,tutor,a,mobile
1567830089519,submit,b11376,,tutor,,mobile
1567830089564,enter,e11376,,tutor,,mobile
1567830110919,quit,e11376,,tutor,,mobile
1574432099534,enter,e11376,,tutor,,mobile
1574432109307,quit,e11376,,tutor,,mobile
1574432109358,enter,b1513,,tutor,,mobile
1574432140850,play_audio,b1513,0,tutor,,mobile
1574432182245,respond,q1737,,tutor,d,mobile
1574432192024,respond,q1737,,tutor,d,mobile
1574432194764,pause_audio,b1513,50055,tutor,,mobile
1574432199141,submit,b1513,,tutor,,mobile
1574432199206,enter,e1513,,tutor,,mobile
1574432203439,play_audio,b1513,0,tutor,,mobile
1574432238520,pause_audio,b1513,31115,tutor,,mobile
1574432251424,quit,e1513,,tutor,,mobile
1574432251488,enter,b7402,,tutor,,mobile
1574432279271,respond,q10051,,tutor,c,mobile
1574432284085,submit,b7402,,tutor,,mobile
1574432284134,enter,e7402,,tutor,,mobile
1574432290788,quit,e7402,,tutor,,mobile
1574432290864,enter,b1126,,tutor,,mobile
1574432294960,play_audio,b1126,0,tutor,,mobile
1574432308806,erase_choice,q1126,,tutor,b,mobile
1574432311771,pause_audio,b1126,15212,tutor,,mobile
1574432312087,erase_choice,q1126,,tutor,c,mobile
1574432315961,submit,b1126,,tutor,,mobile
1574432316018,enter,e1126,,tutor,,mobile
1574432318248,play_audio,b1126,0,tutor,,mobile
1574432332609,pause_audio,b1126,14130,tutor,,mobile
1574432336274,quit,e1126,,tutor,,mobile
1574432336346,enter,b1595,,tutor,,mobile
1574432367866,play_audio,b1595,0,tutor,,mobile
1574432433722,respond,q1983,,tutor,d,mobile
1574432437207,pause_audio,b1595,66257,tutor,,mobile
1574432441997,submit,b1595,,tutor,,mobile
1574484637825,enter,e1595,,tutor,,mobile
1574484646567,quit,e1595,,tutor,,mobile
1574484646644,enter,b1586,,tutor,,mobile
1574484675274,play_audio,b1586,0,tutor,,mobile
1574484729462,respond,q1956,,tutor,d,mobile
1574484730305,pause_audio,b1586,51809,tutor,,mobile
1574484733596,submit,b1586,,tutor,,mobile
1574484733631,enter,b1586,,tutor,,mobile
1574484737936,play_audio,b1586,0,tutor,,mobile
1574484791939,respond,q1956,,tutor,d,mobile
1574484793787,pause_audio,b1586,52634,tutor,,mobile
1574484797632,submit,b1586,,tutor,,mobile
1574484797655,enter,e1586,,tutor,,mobile
1574484801550,play_audio,b1586,0,tutor,,mobile
1574484841124,pause_audio,b1586,36383,tutor,,mobile
1574484871333,quit,e1586,,tutor,,mobile
1574485018504,enter,e1024,,tutor,,mobile
1574485019918,play_audio,b1024,0,tutor,,mobile
1574485029104,pause_audio,b1024,9173,tutor,,mobile
1574485036177,quit,e1024,,tutor,,mobile
1574551545177,enter,e1024,,tutor,,mobile
1574551552231,quit,e1024,,tutor,,mobile
1574551552304,enter,b1344,,tutor,,mobile
1574551556795,play_audio,b1344,0,tutor,,mobile
1574551571117,erase_choice,q1344,,tutor,b,mobile
1574551574620,pause_audio,b1344,16204,tutor,,mobile
1574551578364,respond,q1344,,tutor,c,mobile
1574551581590,submit,b1344,,tutor,,mobile
1574551581647,enter,e1344,,tutor,,mobile
1574551583470,play_audio,b1344,0,tutor,,mobile
1574551595552,pause_audio,b1344,11822,tutor,,mobile
1574551595552,play_audio,b1344,15151,tutor,,mobile
1574551595586,pause_audio,b1344,15151,tutor,,mobile
1574551600248,quit,e1344,,tutor,,mobile
1574551600318,enter,b1552,,tutor,,mobile
1574551628053,play_audio,b1552,0,tutor,,mobile
1574551659036,pause_audio,b1552,27712,tutor,,mobile
1574551662091,submit,b1552,,tutor,,mobile
1574551701704,enter,b1552,,tutor,,mobile
1574551703445,play_audio,b1552,27712,tutor,,mobile
1574551716057,respond,q1854,,tutor,d,mobile
1574551721225,pause_audio,b1552,45372,tutor,,mobile
1574551724646,submit,b1552,,tutor,,mobile
1574551724700,enter,e1552,,tutor,,mobile
1574551730197,play_audio,b1552,0,tutor,,mobile
1574551757329,pause_audio,b1552,23880,tutor,,mobile
1574551761063,quit,e1552,,tutor,,mobile
1574551761123,enter,b173,,tutor,,mobile
1574551763765,play_audio,b173,0,tutor,,mobile
1574551773290,erase_choice,q173,,tutor,a,mobile
1574551778244,erase_choice,q173,,tutor,b,mobile
1574551782297,erase_choice,q173,,tutor,c,mobile
1574551785952,pause_audio,b173,20643,tutor,,mobile
1574551788856,respond,q173,,tutor,a,mobile
1574551791319,erase_choice,q173,,tutor,d,mobile
1574551794621,submit,b173,,tutor,,mobile
1574551794681,enter,e173,,tutor,,mobile
1574551808623,quit,e173,,tutor,,mobile
1574551808674,enter,b1560,,tutor,,mobile
1574551840150,play_audio,b1560,0,tutor,,mobile
1574551889292,respond,q1878,,tutor,c,mobile
1574551890232,pause_audio,b1560,46858,tutor,,mobile
1574551893080,submit,b1560,,tutor,,mobile
1574551893136,enter,e1560,,tutor,,mobile
1574551897658,play_audio,b1560,0,tutor,,mobile
1574551936359,pause_audio,b1560,35449,tutor,,mobile
1574551991480,quit,e1560,,tutor,,mobile
1574551991525,enter,b1520,,tutor,,mobile
1574552021369,play_audio,b1520,0,tutor,,mobile
1574552073101,respond,q1758,,tutor,b,mobile
1574552076637,respond,q1758,,tutor,c,mobile
1574552080978,pause_audio,b1520,55289,tutor,,mobile
1574552083855,submit,b1520,,tutor,,mobile
